CREATE TABLE CANDIDATOS (
    RUT VARCHAR2(10),
    NOMBRE VARCHAR2(50),
    CONSTRAINT CANDIDATO_PK PRIMARY KEY (RUT)
);

CREATE TABLE CIUDADANOS (
    RUT VARCHAR2(10),
    NOMBRE VARCHAR2(50),
    CONSTRAINT CANDIDATO_PK PRIMARY KEY (RUT)
);

CREATE TABLE VOTOS (RUT VARCHAR2(10),
    CANDIDATO VARCHAR2(10),
    CIUDADANO VARCHAR2(10),
    CONSTRAINT CANDIDATO_PK PRIMARY KEY (CANDIDATO,CIUDADANO),
    CONSTRAINT VOTO_CANDIDATO_FK FOREIGN KEY (CANDIDATO) REFERENCES CANDIDATOS (RUT),
    CONSTRAINT VOTO_CIUDADANO_FK FOREIGN KEY (CIUDADANO) REFERENCES CIUDADANO (RUT)
);

INSERT INTO CANDIDATOS (RUT, NOMBRE) VALUES ('14043208-5','Antonio Castro');
INSERT INTO CANDIDATOS (RUT, NOMBRE) VALUES ('12658645-9','Jose Alarcon');
INSERT INTO CANDIDATOS (RUT, NOMBRE) VALUES ('13658785-6','Mario Pineda');

INSERT INTO CIUDADANOS (RUT, NOMBRE) VALUES ('18963003-8','Ken Sánchez');
INSERT INTO CIUDADANOS (RUT, NOMBRE) VALUES ('13853670-0','Terri Duffy');
INSERT INTO CIUDADANOS (RUT, NOMBRE) VALUES ('14688629-5','Roberto Tamburello');
INSERT INTO CIUDADANOS (RUT, NOMBRE) VALUES ('16605080-2','Rob Walters');
INSERT INTO CIUDADANOS (RUT, NOMBRE) VALUES ('11493897-2','Gail Erickson');
INSERT INTO CIUDADANOS (RUT, NOMBRE) VALUES ('12182114-3','Jossef Goldberg');
INSERT INTO CIUDADANOS (RUT, NOMBRE) VALUES ('12253825-6','Dylan Miller');
INSERT INTO CIUDADANOS (RUT, NOMBRE) VALUES ('14720312-5','Diane Margheim');
INSERT INTO CIUDADANOS (RUT, NOMBRE) VALUES ('12321252-8','Gigi Matthew');
INSERT INTO CIUDADANOS (RUT, NOMBRE) VALUES ('18348389-9','Ovidiu Cracium');
INSERT INTO CIUDADANOS (RUT, NOMBRE) VALUES ('14511887-9','Thierry Hers');
INSERT INTO CIUDADANOS (RUT, NOMBRE) VALUES ('15015930-6','Janice Galvin');
INSERT INTO CIUDADANOS (RUT, NOMBRE) VALUES ('25710228-8','Michael Sullivan');
INSERT INTO CIUDADANOS (RUT, NOMBRE) VALUES ('20668999-7','Sharon Salavaria');
INSERT INTO CIUDADANOS (RUT, NOMBRE) VALUES ('13716990-4','David Bradley');

INSERT INTO VOTOS (CIUDADANO, CANDIDATO) VALUES ('18963003-8','14043208-5');
INSERT INTO VOTOS (CIUDADANO, CANDIDATO) VALUES ('13853670-0','13658785-6');
INSERT INTO VOTOS (CIUDADANO, CANDIDATO) VALUES ('14688629-5','12658645-9');
INSERT INTO VOTOS (CIUDADANO, CANDIDATO) VALUES ('16605080-2','12658645-9');
INSERT INTO VOTOS (CIUDADANO, CANDIDATO) VALUES ('11493897-2','14043208-5');
INSERT INTO VOTOS (CIUDADANO, CANDIDATO) VALUES ('12182114-3','14043208-5');
INSERT INTO VOTOS (CIUDADANO, CANDIDATO) VALUES ('12253825-6','12658645-9');
INSERT INTO VOTOS (CIUDADANO, CANDIDATO) VALUES ('14720312-5','13658785-6');
INSERT INTO VOTOS (CIUDADANO, CANDIDATO) VALUES ('12321252-8','13658785-6');
INSERT INTO VOTOS (CIUDADANO, CANDIDATO) VALUES ('18348389-9','14043208-5');
INSERT INTO VOTOS (CIUDADANO, CANDIDATO) VALUES ('14511887-9','14043208-5');
INSERT INTO VOTOS (CIUDADANO, CANDIDATO) VALUES ('15015930-6','13658785-6');
INSERT INTO VOTOS (CIUDADANO, CANDIDATO) VALUES ('25710228-8','13658785-6');
INSERT INTO VOTOS (CIUDADANO, CANDIDATO) VALUES ('20668999-7','14043208-5');
INSERT INTO VOTOS (CIUDADANO, CANDIDATO) VALUES ('13716990-4','14043208-5');


COMMIT;